<?xml version="1.0" encoding="UTF-8"?>
<project-private xmlns="http://www.netbeans.org/ns/project-private/1">
    <editor-bookmarks xmlns="http://www.netbeans.org/ns/editor-bookmarks/2" lastBookmarkId="0"/>
    <open-files xmlns="http://www.netbeans.org/ns/projectui-open-files/2">
        <group>
            <file>file:/Users/sebastianrivera/Desktop/CS%20Stuff/CS499/src/Personal/PersonalGUI.java</file>
            <file>file:/Users/sebastianrivera/Desktop/CS%20Stuff/CS499/src/Personal/LoginGUI.java</file>
            <file>file:/Users/sebastianrivera/Desktop/CS%20Stuff/CS499/src/Equipment/EquipmentCSV.csv</file>
            <file>file:/Users/sebastianrivera/Desktop/CS%20Stuff/CS499/src/Equipment/EquipmentData.java</file>
            <file>file:/Users/sebastianrivera/Desktop/CS%20Stuff/CS499/src/Equipment/EquipmentGUI.java</file>
        </group>
    </open-files>
</project-private>
